amb_id,concept,question,candidates,consequences,recommendation,distinguishing_tests,params,status
AMB-001,timing,Which bar timeframe drives the setup reducer?,(a) 5-minute bars; (b) 1-minute bars; (c) 15-minute bars; (d) daily/1H as in RESEARCH_FIB (R/fib2 pivot_n=5 daily),"Shorter bars mean more lineages, more noise, and higher data and cost sensitivity. Every bar-count parameter scales with this choice.","(a) 5-minute: intraday futures setups, enough bars per session for the windows below, and data is widely available",GF-001 (all bar counts assume 300 s),P-TF-SETUP-S,PROPOSED
AMB-002,session,Which hours may a sweep or a setup occur in?,(a) RTH 09:35–15:00 ET; (b) full RTH 09:30–16:00; (c) named windows such as 09:30–11:00 and 13:30–15:00; (d) ETH included,"Wider windows mean more setups and more sessions with thin liquidity. Named windows add degrees of freedom (search bias, directive F6).","(a) 09:35–15:00 ET: skips the opening print and the last hour, with no extra named windows","GF-024, GF-035","P-SETUP-WINDOW, P-SESSION-TZ",PROPOSED
AMB-003,context,Is premium/discount of a higher-timeframe dealing range a mandatory context gate?,(a) excluded from 1.0.0; (b) LONG only below equilibrium of the prior-day range; (c) a recorded measurement only,A mandatory filter halves the setups and adds a dealing-range definition with its own ambiguities. The source excerpts list it under context but give no rule.,"(c) record as a measurement, not a gate; candidate overlay (F10)",none yet (excluded),-,PROPOSED
AMB-004,context,"News policy: which events, and how wide is the blackout?","(a) tier-1 US macro releases (CPI, NFP, FOMC) ±10 min; (b) ±30 min; (c) whole session on FOMC days",Wider blackouts mean fewer setups. A calendar source is a vendor choice (A2).,(a) ±10 min around listed events; a missing calendar blocks everything,"GF-025, GF-026",P-NEWS-BLACKOUT-MIN,PROPOSED
AMB-005,context,Roll policy: how close to the roll date is trading blocked?,(a) blocked when the roll date is within the next 2 weekday sessions or has passed; (b) block on roll day only; (c) trade the higher-volume contract by daily volume,Trading the expiring contract near roll means thin liquidity and gaps between contracts.,"(a), with roll dates from registry roll metadata; missing metadata blocks","GF-027, GF-028",P-ROLL-BLACKOUT-SESSIONS,PROPOSED
AMB-006,swing,Swing definition and tie rule,"(a) symmetric k=3 pivot, strict left and non-strict right (earliest of equal highs wins); (b) AI_MSD 3-bar fractal with no confirmation time; (c) AI_MSA symmetric window n=3; (d) RESEARCH_FIB symmetric n=5 daily, strict right; (e) PINE_BLEND 20-bar highest high (not a pivot)",Strict on both sides drops pivots at equal highs. Non-strict on both sides creates duplicate pivots. k sets the confirmation lag (available_at = i+k).,"(a) k=3, strict left and non-strict right","GF-L01, GF-L02",P-SWING-K,PROPOSED
AMB-007,liquidity,Which liquidity objects may be swept to start a setup?,"(a) prior RTH high/low, overnight high/low, and intraday k-swings; (b) prior RTH high/low only; (c) RESEARCH_FIB prior pivot; (d) AI_MSA volume clusters",More types mean more setups and more overlapping sweeps (see AMB-011).,(a),"GF-001, GF-036",P-LIQ-TYPES,PROPOSED
AMB-008,liquidity,"Are equal highs/lows, internal versus external, or engineered liquidity separate types?",(a) not in 1.0.0; (b) equal highs/lows = two or more pivots within X ticks; (c) full taxonomy,Each type adds tolerances and its own state handling.,(a): the source names them but defines none,none (excluded),-,PROPOSED
AMB-009,sweep,Minimum penetration for a sweep (a touch is not a sweep),"(a) fixed ticks per instrument (ES 2, NQ 6); (b) fraction of ATR; (c) any penetration, as RESEARCH_FIB and AI_FRACTAL do; (d) AI_MSD high > prior high × 0.995 (wrong side, D-019)",Too small: noise counts as sweeps. Too large: real sweeps are missed. Fixed ticks are simple to audit.,(a),"GF-003, GF-004",P-SWEEP-MIN-PEN-TICKS,PROPOSED
AMB-010,sweep,Maximum penetration before it is a breakdown rather than a sweep,"(a) 1.0 × ATR(14) at the sweep bar, applied across the reclaim window; (b) no maximum; (c) fixed ticks","With no maximum, a trend break counts as a sweep.",(a),GF-005,"P-SWEEP-MAX-PEN-ATR, P-ATR-N",PROPOSED
AMB-011,sweep,One bar sweeps several sell-side levels: how many lineages?,"(a) one lineage, keyed by type priority PRIOR_RTH > OVERNIGHT > SWING_K, then the lowest level; (b) one lineage per level; (c) the deepest level","(b) gives several attempts on one price move, which defeats the one-attempt rule in spirit.",(a),none yet (needs a multi-level fixture),P-LIQ-TYPE-PRIORITY,PROPOSED
AMB-012,reclaim,Reclaim window and margin,"(a) close ≥ level + 1 tick within 3 bars, counting the sweep bar; (b) RESEARCH_FIB close back above within 3 bars; (c) AI_FRACTAL C3 close beyond C1 close",A longer window gives more reclaims and staler sweeps.,(a),"GF-006, GF-008","P-RECLAIM-MAX-BARS, P-RECLAIM-MIN-TICKS",PROPOSED
AMB-013,reclaim,May the sweep bar itself reclaim (wick through and close back)?,"(a) yes; (b) no, a later bar is required",(b) excludes the classic one-bar spring.,(a),GF-008,-,PROPOSED
AMB-014,reclaim,Acceptance beyond the level,(a) 2 consecutive closes below the level before reclaim invalidates; (b) any close below; (c) no acceptance rule (only the window),(b) kills same-bar sweeps that close below and reclaim on the next bar.,(a),"GF-007, GF-001 (one close below is not acceptance)",P-ACCEPT-CLOSES,PROPOSED
AMB-015,displacement,Displacement qualification,"(a) range ≥ 1.5×ATR14, body/range ≥ 0.6, close in the top 25%, close above the highest high of the 6 bars before the sweep through d−1; (b) RESEARCH_FIB leg ≥ 3 ATR and ≥ 2% over 3–120 bars (daily); (c) AI_FRACTAL C4 high > C3 high; (d) PINE_BLEND EMA separation",Looser rules give more setups. Each gate is retained as a raw measurement.,(a),"GF-001, GF-009, GF-010","P-DISP-RANGE-ATR, P-DISP-BODY-RATIO, P-DISP-CLOSE-LOC, P-DISP-STRUCT-LOOKBACK",PROPOSED
AMB-016,displacement,Structure reference for the displacement break,"(a) highest high of the bars [sweep−6, d−1]; (b) the most recent confirmed k-swing high before the sweep; (c) BOS of a protected high","(b) needs a swing to exist, otherwise the setup cannot complete. (a) always exists.",(a),GF-010,P-DISP-STRUCT-LOOKBACK,PROPOSED
AMB-017,displacement,Displacement window,(a) reclaim bar through reclaim+6; (b) reclaim+1 onward only; (c) no window,A longer window lets unrelated later impulses qualify.,(a),GF-009,P-DISP-MAX-BARS,PROPOSED
AMB-018,zone,Which zone family is the retest target?,"(a) the FVG created by the displacement bar [high(d−1), low(d+1)], and nothing else; (b) FVG, else order block; (c) the reclaimed level [L, L+x]; (d) AI_MSD/AI_MSA/PINE 2-bar gaps (not 3-bar)",Several families mean more setups and an extra degree of freedom. (a) is fully determined by three bars.,(a),"GF-001, GF-011",P-FVG-MIN-TICKS,PROPOSED
AMB-019,zone,Minimum FVG size,"(a) ES 1 tick, NQ 2 ticks; (b) fraction of ATR",Tiny gaps make tiny zones and a near-zero retest depth.,(a),GF-011,P-FVG-MIN-TICKS,PROPOSED
AMB-020,retest,Retest eligibility and timeout,"(a) low ≤ zone top on bars d+2 through d+13; (b) RESEARCH_FIB 0.382–0.618 of the leg, waiting ≤ 40 bars; (c) a depth to the zone midpoint",(b) is a Fibonacci rule the review lists as excluded unless the source contains it.,(a),"GF-001, GF-012",P-RETEST-MAX-BARS,PROPOSED
AMB-021,retest,Zone mitigation,(a) a close below the zone bottom invalidates; (b) a low below the bottom invalidates; (c) a 50% fill invalidates,(b) invalidates on wicks.,(a),GF-013,-,PROPOSED
AMB-022,confirmation,Confirmation family,(a) a bullish-bodied close above the zone top within 3 bars of the retest (the retest bar counts); (b) engulfing; (c) lower-timeframe structure shift (needs LTF data); (d) RESEARCH_FIB configurable triggers,Each family is a separate hypothesis (F5). Testing several at once costs search-bias budget.,"(a) only, in 1.0.0","GF-001, GF-015",P-CONF-MAX-BARS,PROPOSED
AMB-023,SMT,"Is SMT mandatory, and for which instruments?",(a) mandatory for ES/NQ/MES/MNQ; GC not authorized (no specified pair); (b) optional evidence; (c) GC paired with SI,Mandatory SMT plus the other gates may leave too few events for power (F4). The source lists SMT as a step of the sequence.,(a),GF-016…GF-021,"P-SMT-REQUIRED, P-SMT-PAIRS, P-AUTHORIZED-INSTRUMENTS",PROPOSED
AMB-024,SMT,Which paired reference is comparable?,"(a) the paired liquidity object of the same type and session date; for swings, the paired swing whose pivot bar_start is within ±k bars; (b) the paired min low over the same window",(b) has no structural reference (the source says not to compare unrelated references).,(a),GF-020,-,PROPOSED
AMB-025,SMT,Which instrument is traded?,(a) the one that swept (primary); (b) the one that held,(b) needs a second sequence definition.,(a),GF-001,-,PROPOSED
AMB-026,SMT,Divergence margin and evaluation time,"(a) the pair must hold ≥ 2 paired ticks above its reference over sweep..reclaim, evaluated at confirmation with a 30 s wait; (b) evaluated at the sweep bar",(b) blocks on a pair bar that arrives a moment late.,(a),"GF-016, GF-017, GF-019","P-SMT-MARGIN-TICKS, P-SMT-MAX-WAIT-S",PROPOSED
AMB-027,entry,Entry order type and price,"(a) limit at close(c)+1 tick (ES), valid for the next bar only; (b) market at the next open (RESEARCH_FIB); (c) limit at the zone top",(b) makes R unknowable at decision time. (c) changes which setups fill.,(a): R is exact at decision time,GF-001,P-ENTRY-LIMIT-OFFSET-TICKS,PROPOSED
AMB-028,risk,"Is ≥2R gross or net of costs, and which target?","(a) net of commission and stop slippage, at the nearest opposing liquidity; (b) gross; (c) fixed 2R target (PINE/AI)","(b) admits trades that are below 2R after costs (D-007, D-046).",(a),"GF-001, GF-022, GF-023","P-MIN-NET-R, P-TARGET-FRONTRUN-TICKS, P-COST-*",PROPOSED
AMB-029,risk,Stop placement,(a) sweep extreme − 2 ticks (ES); (b) RESEARCH_FIB origin − 0.25 ATR; (c) zone bottom,"(c) gives a tighter stop and a higher R, and invalidates inside the sweep structure.",(a),GF-001,P-STOP-BUFFER-TICKS,PROPOSED
AMB-030,costs,Round-turn commission and fees per contract,"(a) ES/NQ $5.00, MES/MNQ $1.50 (unverified placeholders); (b) broker schedule once chosen",Costs decide marginal 2R trades (GF-022).,Placeholder (a) until the broker is chosen (A2); must be verified,"GF-001, GF-022","P-COST-COMMISSION-RT-MINOR, P-COST-STOP-SLIP-TICKS",PROPOSED
AMB-031,context,Exchange holiday calendar for session counting,(a) weekdays only (draft); (b) CME holiday calendar,(a) miscounts sessions around holidays for the roll rule.,(b) once a calendar source is chosen,GF-027,P-ROLL-BLACKOUT-SESSIONS,PROPOSED
AMB-032,lineage,When does attempt_count increment?,(a) at STRATEGY_AUTHORIZED; (b) at order intent; (c) at first fill,(c) lets a risk-blocked setup retry later; (a) is the most conservative.,(a),GF-034,-,PROPOSED
AMB-033,data quality,What happens to a lineage when data health drops?,(a) BLOCKED and never resumed; (b) WAIT and resume when HEALTHY,(b) builds a setup across a hole in the evidence.,(a),"GF-029, GF-032, GF-033","P-DQ-MAX-STALENESS-S, P-DQ-RECOVERY-BARS",PROPOSED
AMB-034,replay,Intrabar order when stop and target are both inside one bar,(a) stop first; (b) target first; (c) need lower-timeframe data,(b) inflates results (D-031 class).,(a),Phase 4 fixtures,-,PROPOSED
AMB-035,replay,Fill price when a bar gaps through the stop,"(a) the bar's open; (b) the stop price (RESEARCH_FIB, optimistic, D-031)",(b) understates losses.,(a),Phase 4 fixtures,-,PROPOSED
AMB-036,scope,Concepts excluded from 1.0.0,"Exclude: BOS/CHoCH labels, iFVG, order block, breaker, LTF confirmation, volume, equal highs/lows, macro, scores, AI","Including them now multiplies the degrees of freedom before any power analysis (F4, F6).",Exclude; each can return as a pre-registered overlay (F10),none,-,PROPOSED
AMB-037,session,Setup expiry at the session end,(a) any pre-authorization lineage expires at the first bar at or after the window end; (b) carry over to the next session,(b) mixes sessions and liquidity contexts.,(a),GF-035,P-SETUP-WINDOW,PROPOSED
