id,severity,location,mechanism,consequence,reachable_today,evidence,seed_ref,proposed_migration
D-001,CRITICAL,execution/execution_engine/execution_engine.py:46-67 ExecutionPayload,dataclass field without default (position_size) follows take_profit_targets default -> TypeError at class definition,"execution, production, broker, order_manager, risk_engine (via package __init__) cannot be imported; 3 of 3 terminal test files fail to collect",NO (module cannot load),qe/tests/regression/legacy/test_legacy_defects.py::test_d001_execution_engine_imports,new,Do not repair in place. Canonical OrderIntent/decision types in qe/core (Phase 3) replace ExecutionPayload
D-002,CRITICAL,"execution_engine.py:59-76 vs risk_engine/risk_engine.py:260,289,393-394,420","payload keys asset/signal_confidence/position_size/trade_id; risk reads symbol/confidence/position_size_pct/signal_id with .get defaults ('',0.5,2.0,'')","risk would evaluate defaults, not the trade (10% confidence passes as 50%)",NO (the two engines are never wired together; see D-038),qe/tests/regression/legacy/test_legacy_defects.py::test_d002_risk_engine_sees_execution_fields,S-01,"One typed contract (INV-10); risk authority consumes OrderIntent schema, no .get defaults"
D-003,CRITICAL,risk_engine.py:260 _check_duplicate_signal,signal_id never produced; defaults to '' so every signal shares one id,second unrelated signal within 5 min is rejected as duplicate; no real lineage,NO (see D-038),qe/tests/regression/legacy/test_legacy_defects.py::test_d003_distinct_signals_are_not_duplicates,S-02,Deterministic setup_lineage_id + DB uniqueness (INV-21/22)
D-004,CRITICAL,"execution_engine.py:267,301-302",macro_validated defaults True; except Exception only appends a warning,crashed macro filter passes the trade (fail-open),NO (D-001),qe/tests/regression/legacy/test_legacy_defects.py::test_d004_macro_filter_exception_blocks,S-03,INV-08: exceptions in mandatory components -> BLOCKED with reason code
D-005,HIGH,execution_engine.py:246-262,"regime classifier exception -> NEUTRAL/0.5 defaults, warning only",unknown regime treated as known-neutral,NO (D-001),qe/tests/regression/legacy/test_legacy_defects.py::test_d005_regime_classifier_exception_blocks,new,INV-08/INV-09
D-006,CRITICAL,"execution_engine.py:230-241,321-325","all() over empty take_profit_targets is True; reward=0, rr=0; still valid",trade with no target is executable,NO (D-001),qe/tests/regression/legacy/test_legacy_defects.py::test_d006_missing_target_rejected,S-04,INV-19: missing target -> BLOCKED_RR
D-007,CRITICAL,execution_engine.py:321-325,no minimum R:R check anywhere in the payload path,0.5R trade valid,NO (D-001),qe/tests/regression/legacy/test_legacy_defects.py::test_d007_sub_2r_rejected,S-04,INV-19 net_R >= 2 after costs
D-008,CRITICAL,"execution_engine.py:71,323","risk_amount = abs(entry - stop), commented 'Dollar risk'","10 ES points reported as $10 instead of $500; no contracts, tick value, or costs",NO (D-001),qe/tests/regression/legacy/test_legacy_defects.py::test_d008_risk_amount_is_dollars,S-05,INV-24 economic risk from instrument registry
D-009,HIGH,execution_engine.py:313-315,confidence > 0.75 in RISK_ON adds up to +20% size,model confidence scales risk,NO (D-001),qe/tests/regression/legacy/test_legacy_defects.py::test_d009_confidence_does_not_size,S-06,INV-13/INV-33: no score or confidence sizes risk
D-010,CRITICAL,"risk_engine.py:61,67 RiskLimits",max_risk_per_trade_pct and max_drawdown_pct are declared and logged but never checked; validate() never reads entry/stop/risk,a trade risking 50% of equity passes risk validation,NO (RiskEngine never instantiated outside tests),qe/tests/regression/legacy/test_legacy_defects.py::test_d010_risk_engine_enforces_per_trade_risk,new,Independent risk authority (Phase 7) with every limit enforced and tested
D-011,HIGH,risk_engine.py:344,"account.get('equity', 100000)",unknown equity assumed $100k; daily-loss limit computed against fiction,NO,qe/tests/regression/legacy/test_legacy_defects.py::test_d011_missing_equity_blocks,new,INV-10/INV-26: account state from broker truth; unknown -> BLOCKED
D-012,CRITICAL,tradingview_bridge_adapter.py:158-208,tradeable=True if confidence>=0.70 and confluence>=3; R:R<1.618 only a warning; size factor grows with confluence,a 0.3R alert is tradeable; no GP sequence checked,PARTIAL (module imports; no service hosts the receiver),qe/tests/regression/legacy/test_legacy_defects.py::test_d012_tv_low_rr_not_tradeable,S-07,INV-32: TradingView is observation only
D-013,HIGH,tradingview_bridge_adapter.py:145,"int(data.get('confluence', 3)) defaults to the passing threshold",alert with no confluence field is tradeable,PARTIAL,qe/tests/regression/legacy/test_legacy_defects.py::test_d013_tv_missing_confluence_not_tradeable,new,INV-10
D-014,HIGH,tradingview_bridge_adapter.py:132,signal timestamp = datetime.now(); source time discarded,event_time lost; cannot order or age alerts,PARTIAL,qe/tests/regression/legacy/test_legacy_defects.py::test_d014_tv_preserves_source_time,new,D3 event model: event_time/receive_time/available_at
D-015,HIGH,tradingview_bridge_adapter.py:158-208,no check that stop is on the correct side of entry,long with stop above entry is tradeable,PARTIAL,qe/tests/regression/legacy/test_legacy_defects.py::test_d015_tv_rejects_inverted_stop,new,INV-18
D-016,HIGH,tradingview_bridge_adapter.py:300-335,"receiver has no auth, timestamp window, dedup or replay protection",same alert twice -> two pending trades,PARTIAL,qe/tests/regression/legacy/test_legacy_defects.py::test_d016_webhook_replay_rejected,new,D9 webhook ingress + INV-23
D-017,CRITICAL,"validation/scoring_engine/institutional_scorecard.py:239-240,268",missing metrics skipped in numerator and denominator,{'expectancy':0.20} alone scores 1.0 -> PASS,"NO (validation package fails to import, D-027)",qe/tests/regression/legacy/test_legacy_defects.py::test_d017_scorecard_incomplete_is_not_pass,S-08,Demote to reporting; missing -> INCOMPLETE (Part F)
D-018,HIGH,institutional_scorecard.py:300-301,missing hard-fail metric returns False (not failed),absence of drawdown data cannot trigger the drawdown hard fail,NO (D-027),qe/tests/regression/legacy/test_legacy_defects.py::test_d018_scorecard_missing_hard_fail_metric,S-08,Same as D-017
D-019,HIGH,ai-engine/src/modules/market_structure_detector.py:118-134,sweep = current_high > max(prev 2 highs)*0.995,a bar 0.5% (about 30 ES points / 120 ticks) below the level counts as a sweep,"NO as a service (ai-engine fails to start, D-044); library only",qe/tests/regression/legacy/test_legacy_defects.py::test_d019_touch_below_level_is_not_sweep,S-09,INV-14 penetration in ticks; replace detector (Phase 3)
D-020,HIGH,market_structure_detector.py:118-134,only HIGH_SWEEP is emitted,sell-side liquidity sweeps never detected,LIBRARY ONLY (D-044),qe/tests/regression/legacy/test_legacy_defects.py::test_d020_low_side_sweep_detected,S-09,Symmetric liquidity objects (Phase 2/3)
D-021,HIGH,market_structure_detector.py:83-98,downtrend computed but unused,bearish-to-bullish CHoCH never detected,LIBRARY ONLY (D-044),qe/tests/regression/legacy/test_legacy_defects.py::test_d021_bearish_to_bullish_choch_detected,S-10,Formal CHoCH definition in gp-1.0.0
D-022,MEDIUM,market_structure_detector.py:100-116,FVG compares two adjacent bars,non-standard FVG; differs from Pine and research code,LIBRARY ONLY (D-044),qe/tests/regression/legacy/test_legacy_defects.py::test_d022_fvg_requires_three_candles,S-11,Phase 2 ambiguity register decides FVG definition
D-023,HIGH,storage/trade_journal/trade_journal.py:370,net_pnl = gross_pnl  # TODO,'net' P&L excludes all costs,NO (TradeJournal never instantiated outside examples),qe/tests/regression/legacy/test_legacy_defects.py::test_d023_journal_net_below_gross,S-13,Journal separates planned/actual; costs from cost model (Part F8)
D-024,HIGH,trade_journal.py:278-282,rr_realized = abs(exit - entry)/risk,a losing trade reports +1.0R; average R inflated,NO,qe/tests/regression/legacy/test_legacy_defects.py::test_d024_losing_trade_has_negative_r,new,Signed R from executable fills
D-025,HIGH,trade_journal.py:273,pnl = price_diff * size (points),"ES 10-point win recorded as 10, not $500",NO,qe/tests/regression/legacy/test_legacy_defects.py::test_d025_journal_pnl_in_currency,new,INV-24 instrument registry
D-026,HIGH,tradingview_*.pine alert() vs tradingview_bridge_adapter.py:127,Pine alerts send pipe-delimited text; bridge json.loads() it,every real Pine alert returns status ERROR; documented Pine->bridge pipeline cannot work,PARTIAL,qe/tests/regression/legacy/test_legacy_defects.py::test_d026_pine_alert_format_is_parseable_by_bridge,new,Versioned JSON alert schema as observation (D9)
D-027,CRITICAL,validation/validation_orchestrator.py:241; interface/alert_engine/alert_engine.py:314,files are not valid Python (prose inside code; bad f-string),entire validation and interface packages cannot be imported,NO,qe/tests/regression/legacy/test_legacy_defects.py::test_d027_modules_parse,new,Quarantine; not migrated
D-028,HIGH,observability/telemetry_config.py:29-33,"imports opentelemetry.exporter.jaeger and ProbabilitySampler, absent from OTel SDK 1.21.0 and 1.27.0 (both tested)",observability package cannot be imported; instrumentation tests cannot run,NO,qe/tests/regression/legacy/test_legacy_defects.py::test_d028_observability_imports,new,Rebuild observability on current OTel API (Phase 7/8)
D-029,HIGH,production/live_broker_connector.py:169-205,TODO: actual Alpaca submission; returns synthetic id and logs 'REAL EXECUTION',logs claim real execution that never happened,NO (production package fails to import via D-001),SOURCE,new,Forbidden action A5.3; replace with adapter
D-030,CRITICAL,quantum-edge-terminal/backtest_*.py (17 of 18),prices generated by random.gauss random walks; backtest_integrated_system draws wins with random.random()>0.55,"reported win rates / profit factors (e.g. DEPLOYMENT_SUMMARY 43.1% WR, 1.99 PF) describe synthetic data, not markets",N/A (research),SOURCE + RESEARCH_PROVENANCE.csv,new,Excluded from evidence; counted in search history (F6)
D-031,MEDIUM,QuantumEdge/research/fib/backtester.py:165-169 (and fib2/fib4/fib6 stop checks),stop fills at stop price even when the bar opens beyond it (open read but unused),gap losses understated -> optimistic R,N/A (research),SOURCE,new,Fill model: gap-through fills at open (Phase 4)
D-032,MEDIUM,QuantumEdge/research/fib/backtester.py:149-150 (mfe_r in fib5-fib7),MFE/MAE tracked only until exit,excursion diagnostics are exit-censored,N/A (research),SOURCE,appx3,INV-38 fixed-horizon excursions
D-033,MEDIUM,QuantumEdge/research/fib5/model.py:34-35; fib7/backtester.py:157-168,slippage_pct and commission default 0.0; friction applied post hoc to R,headline runs are frictionless unless stress path chosen,N/A (research),SOURCE,appx3,INV-39 label FRICTIONLESS_DIAGNOSTIC
D-034,HIGH,"quantum-edge-terminal/docker-compose.yml:9-11,23-24; backend/src/server.ts:37-45; backend/src/api/signals.ts:39",literal Postgres password in compose; DB and Redis published on host ports; wildcard CORS; unauthenticated POST /api/signals,anyone reaching the host can read/write signals,YES (docker-compose),SOURCE (value not printed),new,Secrets via env/secret store; bind to localhost; auth on write routes; rotate that password if reused
D-035,HIGH,QuantumEdge/output/runs/*/manifest.json; QuantumEdge/research/*/data.py,research reads lean/Data (absent from repo); manifests cite commit 77509024b8 (not in this repo) with git_dirty=true; no dataset hashes,no QuantumEdge research result can be reproduced from this repo,N/A,SOURCE + tests/test_data_presence.py (3/4 fail),new,"Dataset manifests with hashes (D-24, Phase 4)"
D-036,CRITICAL,repo-wide,no SMT implementation (\bsmt\b absent; only 'SMTP' matches),mandatory GP gate does not exist,N/A,SOURCE (grep),S-14,Phase 2/3 SMT engine
D-037,CRITICAL,repo-wide,'God's Plan' appears nowhere; no sweep->reclaim->displacement->retest->confirmation state machine exists; closest code is QuantumEdge/research fib2-fib9 (ETF manipulation-leg/Fibonacci research),the strategy the directive governs is unimplemented; the spec lives outside the repo,N/A,SOURCE (grep),new,A2 decision: provide the GP spec source (see DECISIONS_PENDING)
D-038,HIGH,quantum-edge-terminal (call graph),"ExecutionEngine, RiskEngine, TradeJournal, TradingViewWebhookReceiver are never instantiated by any runnable entry point; no signal->risk->order path exists",claimed pipeline is disconnected components,N/A,SOURCE (qe/audit/EXECUTION_AUTHORITY_GRAPH.md),new,Single reducer + risk + outbox path (Phases 3-7)
D-039,MEDIUM,quantum-edge-terminal/*.pine alert() calls,"alert() without freq argument defaults to once-per-bar, which can fire intrabar before the bar closes",alerts may repaint; not verified in TradingView,N/A,"SOURCE (PLAUSIBLE, needs TradingView check)",appx3,Pine becomes visual/observation only; server recomputes
D-040,CRITICAL,execution/broker_engine/broker_connection.py:315,OrderStatus constructed without filled_at/canceled_at/expired_at,"submit_order always raises TypeError; also: mock id = hash(str(qty))%10000 (collisions, varies per process), hard-coded submitted_at, LIVE mode returns 'accepted' with no network call (SOURCE :300-311)",NO,qe/tests/regression/legacy/test_legacy_defects.py::test_d040_broker_submit_returns_status,new,BrokerAdapter protocol + paper adapter (Phase 7); no mock returns 'accepted'
D-042,MEDIUM,quantum-edge-terminal/database/schema.sql:36 (and other inline INDEX lines),MySQL-style inline INDEX(...) inside CREATE TABLE,PostgreSQL rejects the statement; the compose Postgres schema cannot be created as written,YES (docker-compose init),SOURCE (not executed against Postgres),new,Schema migrations tested in CI against the target Postgres version
D-043,HIGH,quantum-edge-terminal/ai-engine/requirements.txt,2023-era pins,pip-audit: 51 known vulnerabilities in 7 packages (aiohttp 3.9.1 has 38) on the one runnable service,"NO (service crashes at start, D-044); image still ships them",qe/audit/pip_audit_ai_engine.json,new,"Pinned, audited lock for qe runtime; dependency audit in CI (E8)"
D-044,HIGH,quantum-edge-terminal/ai-engine/main.py:41-75 with ai-engine/requirements.txt,importing main.py with the pinned FastAPI 0.104.1 raises RuntimeError: Form data requires python-multipart (not listed in requirements.txt). Root cause inside the route signatures not isolated,the ai-engine container (Dockerfile CMD python main.py) crashes at startup: no Python service in the repo runs,NO,command: pip install -r ai-engine/requirements.txt (py3.11) then import main -> RuntimeError,new,Canonical API (Phase 8) with its own tested entry point
