concept,n_implementations,conflict,GP_CANONICAL,AI_MSD,AI_MSA,AI_FRACTAL,AI_FIB,AI_BLEND,PINE_BLEND,PINE_UT,RESEARCH_FIB,TV_BRIDGE,EXEC_RISK,SYNTH_BT
liquidity,6,DIVERGENT,PENDING_A2-00,ABSENT,ORDER_CLUSTER = close where volume > 2x mean of last 20 bars (:267-291); LIQUIDATION_LEVEL enum unused,"implicit: previous candle's low/high (:45,48)",enhanced: 'liquidity grab' = mean wick/body ratio over 10 bars > 1.3 (enhanced_fib_validator.py:12-38),volume-based 'institutional liquidity' score (institutional_smart_blend_plus.py),ABSENT,ABSENT,prior confirmed pivot high/low (pivot_n=5 daily) as the level swept (R/fib2/detector.py:204-223),ABSENT,ABSENT,inherits AI modules on random-walk data
swing,8,DIVERGENT,PENDING_A2-00,3-bar fractal: bar > neighbours +-1 (:155-166); no confirmation time,max/min of symmetric window n=3 AND > neighbours (:171-195); no available_at,ABSENT,"swing high/low = max/min of last 20 bars, not a pivot (fib_manipulation_validator.py:62-71)",via AI_FRACTAL + AI_MSA,highest high / lowest low of last 20 bars (pine CLEAN :73-86),highest/lowest of recent bars (:70-83),"symmetric pivot, n=5 daily, strict right-side; discovery_bar = pivot + n (R/fib/detector.py:32-80; R/fib2/detector.py:238)",ABSENT,ABSENT,AI modules
BOS,2,DIVERGENT,PENDING_A2-00,high > max(high of previous 2 bars) (:51-80); not a swing break; constant confidence 0.85,ABSENT,ABSENT,ABSENT,ABSENT,ABSENT,ABSENT,"completion must be a new higher high / lower low vs prior pivots (R/fib2/detector.py:235,352)",ABSENT,ABSENT,ABSENT
CHoCH,4,DIVERGENT,PENDING_A2-00,"5 rising closes then a non-rising close; bullish-side only (:83-98, D-021)",ABSENT,ABSENT,ABSENT,ABSENT,"EMA9/EMA21 trend-state crossover used as signal (pine CLEAN :35-44) (trend flip, not structure)",UT-bot ATR trailing-stop flip,fib3/fib4 '1h_structure_shift': first 1H close above prior 1H consolidation high inside zone (R/fib7/live_spec.py:53-56),ABSENT,ABSENT,ABSENT
sweep,5,DIVERGENT,PENDING_A2-00,"high > max(prev 2 highs) * 0.995; high side only (:118-134, D-019/D-020)",ABSENT,"C2 low < C1 low (any undercut of the previous candle) (:45,48)",ABSENT,"algo_detection stop hunt: high > prior high * 0.995 with volume > 1.5x mean, close < high*0.99 (algo_detection.py:77-97)",ABSENT,ABSENT,"new pivot low below prior pivot low (any penetration, no minimum) (R/fib2/detector.py:207-209)",ABSENT,ABSENT,AI_FRACTAL on random walks
reclaim,3,DIVERGENT,PENDING_A2-00,ABSENT,ABSENT,C3 close beyond C1 close (:56),ABSENT,algo_detection: close < high*0.99 (1% off the high),ABSENT,ABSENT,"close back above prior pivot within sweep_recovery_bars=3 (R/fib2/detector.py:110-127, model.py:41). fib6 tested '1h_reclaim_after_sweep': -0.201R, 30.6% WR, rejected (R/fib7/live_spec.py:62-65; not reproducible, D-035)",ABSENT,ABSENT,ABSENT
displacement,5,DIVERGENT,PENDING_A2-00,ABSENT,ABSENT,C4 high > C3 high (:64),leg magnitude vs threshold (fib_manipulation_validator.py),ATR/momentum confluence points,EMA separation > 0.5 ATR (pine CLEAN :51-53),ABSENT,"leg >= 3.0 ATR and >= 2% of price, 3-120 bars (R/fib2/model.py:44-48); fib4 'displacement_off' entry bar body > ATR threshold",ABSENT,ABSENT,ABSENT
FVG,4,DIVERGENT,PENDING_A2-00,"adjacent bars: low[i] > high[i-1] (:100-116, D-022)",c1.high < c2.low (adjacent) plus trivial c3 test (:230-265); level = midpoint; confidence 0.80,ABSENT,ABSENT,uses AI_MSA,high[1] < low[0] or high[2] < low[1] (adjacent) (pine CLEAN :93-97),ABSENT,ABSENT,ABSENT,ABSENT,ABSENT
iFVG,0,NONE_IMPLEMENTED,PENDING_A2-00,ABSENT,ABSENT,ABSENT,ABSENT,ABSENT,ABSENT,ABSENT,ABSENT,ABSENT,ABSENT,ABSENT
order_block,1,SINGLE,PENDING_A2-00,open gap vs prior close > 2 x std of 2 closes (:135-153),ABSENT,ABSENT,ABSENT,ABSENT,ABSENT,ABSENT,ABSENT,ABSENT,ABSENT,ABSENT
breaker,1,SINGLE,PENDING_A2-00,ABSENT,3-bar gap then close back through c1 extreme (:293-326); not an ICT breaker,ABSENT,ABSENT,ABSENT,ABSENT,ABSENT,ABSENT,ABSENT,ABSENT,ABSENT
retest,6,DIVERGENT,PENDING_A2-00,ABSENT,ABSENT,ABSENT,"limit entry assumed filled at 0.618 of 20-bar range (fib_manipulation_validator.py:112,134)",0.618 zone,0.618 of 20-bar range (entry reference only; fill is market on crossover bar),optional fib 0.618 entry reference (:212),"zone 0.382-0.618 of leg after discovery_bar, wait <= 40 bars (R/fib2/model.py:51-52,75; R/fib4/execution.py:100-135)",ABSENT,ABSENT,AI modules
confirmation,8,DIVERGENT,PENDING_A2-00,ABSENT,ABSENT,C3 close + C4 expansion,enhanced: trend + liquidity-grab confluence,>= 3 confluence 'hits' (institutional_smart_blend_plus.py:195),confluence score >= 2 (input :13; f_confluence_score :108-130),confluence N/6 filters,configurable trigger: touch_rejection | close_in_zone | nextbar_confirm | midzone_only | displacement_off | 1h_* (R/fib4/model.py:56-68; R/fib7/live_spec.py:28-66),confidence >= 0.70 and confluence >= 3 (D-012/D-013),signal confidence >= 0.5 (risk_engine.py:289),ABSENT
SMT,0,NONE_IMPLEMENTED,PENDING_A2-00,ABSENT,ABSENT,ABSENT,ABSENT,ABSENT,ABSENT,ABSENT,ABSENT,ABSENT,ABSENT,ABSENT
entry,9,DIVERGENT,PENDING_A2-00,ABSENT,ABSENT,"C4 close (the last candle supplied, may be forming) (:73,78)","0.618 retracement limit, fill assumed",from fractal / optimized fib,strategy.entry market on signal bar (pine CLEAN :181-184),strategy.entry market (:257-260),next bar open after trigger (R/fib/backtester.py:94-97; fib4 entry_price = 1H or daily open),"alert 'entry' field, no fill model",signal['entry'] as given,varies
stop,9,DIVERGENT,PENDING_A2-00,ABSENT,ABSENT,"beyond C2 extreme - 0.2*C1 range, then moved 30% toward entry ('proven +$1893' on synthetic data) (:74,85): not structural","0.786 - 5% of leg (fib_manipulation_validator.py:113,135)",0.786,"entry - 0.786*range, then 30% tighter (pine CLEAN :152-159)","UT ATR trailing stop (:213,225)",origin (anchor extreme - 0.25 ATR) or fib_786 (R/fib2/model.py:66-68),alert stop_loss; side not validated (D-015),signal stop_loss; side validated in execution engine only,varies
target,10,DIVERGENT,PENDING_A2-00,ABSENT,fib extension targets (:328-343),entry + 1.618 x (C1 high - C2 low),1.618 extension,1.618,"entry + 1.618*range (pine CLEAN :155,160)","entry + 1.618 x stop distance (:218,230)",1.272 or 1.618 extension; optional partial at 1.272 (R/fib2/model.py:71),targets[1] if >1 target else targets[0] (:138),take_profit_targets[0]; empty list allowed (D-006),varies
R_min,9,DIVERGENT,PENDING_A2-00,ABSENT,ABSENT,none,none,"min_rr = 1.618 (institutional_smart_blend_plus.py:83,301)","min_rr 1.618 input, but the level geometry fixes rr at 2.94 (2.06 with the 30% stop fix off) for every setup, so the filter never depends on the market (D-046)","min_rr 1.618 and target = 1.618 x stop distance, so rr = 1.618 up to float rounding: pass/fail is decided by rounding noise (about 50% fail in a float64 simulation) (D-045)",none (R measured post hoc),1.618 warning only (D-012),none (D-007),varies
costs,5,DIVERGENT,PENDING_A2-00,ABSENT,ABSENT,ABSENT,ABSENT,ABSENT,strategy() declares none (TradingView defaults),none declared,"fib5+: slippage_pct/commission default 0, applied post hoc to R (D-033)",ABSENT,none; journal net = gross (D-023),none in 17 of 18
session,3,DIVERGENT,PENDING_A2-00,ABSENT,ABSENT,ABSENT,ABSENT,ABSENT,ABSENT,session.ismarket filter (:59-60),daily/1H ETF bars; no session model,comment only (:176-177),ABSENT,ABSENT
expiry,2,DIVERGENT,PENDING_A2-00,ABSENT,ABSENT,ABSENT,ABSENT,ABSENT,min 3 bars between signals,ABSENT,"zone wait <= 40 bars, trade <= 60 bars (R/fib2/model.py:75-76)",ABSENT,ABSENT,ABSENT
one_attempt,3,DIVERGENT,PENDING_A2-00,ABSENT,ABSENT,ABSENT,ABSENT,ABSENT,ABSENT,ABSENT,one simulated trade per detected leg; overlapping legs from the same sweep not deduplicated (not verified),none; duplicate alerts both pending (D-016),5-minute duplicate window on signal_id that is always '' (D-003),ABSENT
timing,11,DIVERGENT,PENDING_A2-00,no closed-bar concept; operates on whatever candles are posted,same,"last 4 supplied candles, incl. possibly forming bar",last 20 supplied candles,same,alert() without freq: may fire intrabar (D-039),same (D-039),discovery_bar = completion + pivot_n; entry next open (controlled),source time discarded (D-014),datetime.utcnow() / datetime.now() in logic,synthetic index
intrabar,4,DIVERGENT,PENDING_A2-00,ABSENT,ABSENT,ABSENT,ABSENT,ABSENT,TradingView broker emulator,TradingView broker emulator,"stop checked before target (conservative); gap-through fills at stop (optimistic, D-031)",ABSENT,ABSENT,"not audited (synthetic data, D-030)"
